{"q_composition": [[0.006119001656770706, 0.007083844393491745, 0.004522707313299179, 0.011798858642578125, 0.015139631927013397, 0.010381709784269333, 0.0052104368805885315, 0.018910277634859085], [0.010251745581626892, 0.008383210748434067, 0.00998174399137497, 0.020166341215372086, 0.03414018824696541, 0.02878103032708168, 0.012213438749313354, 0.02601422742009163], [0.00958637148141861, 0.007281113415956497, 0.007178653031587601, 0.01702899858355522, 0.022128287702798843, 0.01903870329260826, 0.00867479294538498, 0.022520270198583603], [0.009037073701620102, 0.010915964841842651, 0.009514916688203812, 0.01495734229683876, 0.022020447999238968, 0.021298523992300034, 0.010979034006595612, 0.02614661678671837], [0.0075084976851940155, 0.006644845008850098, 0.006907768547534943, 0.01579788327217102, 0.02318238839507103, 0.02057681605219841, 0.008971545845270157, 0.020798590034246445], [0.005195245146751404, 0.004721365869045258, 0.004322025924921036, 0.011060576885938644, 0.012274522334337234, 0.010498765856027603, 0.0030098073184490204, 0.015127815306186676], [0.041249509900808334, 0.004342406988143921, -0.0010785944759845734, 0.07391996681690216, 0.00015618279576301575, 0.005174398422241211, 0.002036280930042267, 0.021082226186990738], [0.010409042239189148, 0.003806930035352707, 0.0032664798200130463, 0.022367972880601883, 0.002388276159763336, 0.012655630707740784, 0.0030226558446884155, 0.04365741088986397]], "k_composition": [[-0.000502217561006546, 0.0035833194851875305, 0.0021825432777404785, 0.0036026611924171448, 0.010900791734457016, 0.007012736052274704, 0.00528273731470108, 0.01611143723130226], [0.010211668908596039, 0.006740696728229523, 0.009069528430700302, 0.021895434707403183, 0.028286602348089218, 0.02928152307868004, 0.01340959221124649, 0.026106756180524826], [0.009208302944898605, 0.008433263748884201, 0.007209308445453644, 0.017199978232383728, 0.026127729564905167, 0.020557593554258347, 0.012083154171705246, 0.024650949984788895], [0.004588831216096878, 0.008115589618682861, 0.007074996829032898, 0.01065777987241745, 0.021968569606542587, 0.017433349043130875, 0.009873371571302414, 0.022504176944494247], [0.0059388913214206696, 0.005451492965221405, 0.006796911358833313, 0.016271434724330902, 0.021578755229711533, 0.019429553300142288, 0.010520972311496735, 0.01969471201300621], [0.005989201366901398, 0.0039501674473285675, 0.002017296850681305, 0.013813376426696777, 0.011270489543676376, 0.007633030414581299, 0.005137212574481964, 0.013040810823440552], [0.017172716557979584, 0.013705123215913773, 0.007097985595464706, 0.016917966306209564, 0.004032842814922333, 0.02390340343117714, 0.004813592880964279, 0.028461698442697525], [0.002229265868663788, 0.011923525482416153, 0.013874124735593796, 0.001933123916387558, 0.022558238357305527, 0.007660090923309326, 0.008938577026128769, 0.04657160863280296]], "v_composition": [[0.00132746621966362, 0.0001960545778274536, 0.0013025663793087006, 0.0022728145122528076, 0.006218563765287399, 0.00608300045132637, 0.0021622776985168457, 0.008711416274309158], [0.0027582459151744843, 0.0024734847247600555, 0.0020009875297546387, 0.0027504488825798035, 0.007146596908569336, 0.008546259254217148, 0.0020644739270210266, 0.007032327353954315], [0.003069881349802017, 0.0019133873283863068, 0.0014899484813213348, 0.0013781189918518066, 0.002343185245990753, 0.005782864987850189, 0.001057792454957962, 0.0057295747101306915], [0.003644075244665146, 0.004714656621217728, 0.003726232796907425, 0.003246903419494629, 0.011778194457292557, 0.011269774287939072, 0.005313768982887268, 0.010870140045881271], [0.0024012401700019836, 0.0025508664548397064, 0.0002829059958457947, 0.0020248740911483765, 0.005558446049690247, 0.006720546633005142, 0.000560276210308075, 0.007540691643953323], [0.0018306411802768707, 0.004000425338745117, 0.0015421509742736816, -0.0005482695996761322, 0.007576819509267807, 0.005466468632221222, 0.001980043947696686, 0.006144288927316666], [0.0026239342987537384, 0.0014088079333305359, 0.003187514841556549, 0.002433527261018753, 0.006844121962785721, 0.008029524236917496, 0.003311954438686371, 0.007444716989994049], [-0.0012542642652988434, -0.0005587562918663025, 0.0019413195550441742, -0.003305245190858841, 0.0024181269109249115, 0.006710246205329895, 0.0008337981998920441, 0.0068524666130542755]]}